{
  "IcoMoonType": "selection",
  "icons": [
    {
      "icon": {
        "paths": [
          "M810 274l-238 238 238 238-60 60-238-238-238 238-60-60 238-238-238-238 60-60 238 238 238-238z"
        ],
        "attrs": [],
        "isMulticolor": false,
        "isMulticolor2": false,
        "tags": [
          "close"
        ],
        "defaultCode": 58829,
        "grid": 24
      },
      "attrs": [],
      "properties": {
        "order": 39,
        "ligatures": "clear, close",
        "id": 157,
        "prevSize": 24,
        "code": 58829,
        "name": "close"
      },
      "setIdx": 1,
      "setId": 6,
      "iconIdx": 157
    },
    {
      "icon": {
        "paths": [
          "M298 298h598v86h-598v-86zM298 726v-86h598v86h-598zM298 554v-84h598v84h-598zM128 384v-86h86v86h-86zM128 726v-86h86v86h-86zM128 554v-84h86v84h-86z"
        ],
        "attrs": [],
        "isMulticolor": false,
        "isMulticolor2": false,
        "tags": [
          "list"
        ],
        "defaultCode": 59542,
        "grid": 24
      },
      "attrs": [],
      "properties": {
        "order": 50,
        "ligatures": "list",
        "id": 442,
        "prevSize": 24,
        "code": 59542,
        "name": "list"
      },
      "setIdx": 1,
      "setId": 6,
      "iconIdx": 442
    },
    {
      "icon": {
        "paths": [
          "M128 256h768v86h-768v-86zM128 554v-84h768v84h-768zM128 768v-86h768v86h-768z"
        ],
        "attrs": [],
        "isMulticolor": false,
        "isMulticolor2": false,
        "tags": [
          "menu"
        ],
        "defaultCode": 58834,
        "grid": 24
      },
      "attrs": [],
      "properties": {
        "order": 48,
        "ligatures": "menu",
        "id": 489,
        "prevSize": 24,
        "code": 58834,
        "name": "menu"
      },
      "setIdx": 1,
      "setId": 6,
      "iconIdx": 489
    },
    {
      "icon": {
        "paths": [
          "M512 598c114 0 342 56 342 170v86h-684v-86c0-114 228-170 342-170zM512 512c-94 0-170-76-170-170s76-172 170-172 170 78 170 172-76 170-170 170z"
        ],
        "attrs": [],
        "isMulticolor": false,
        "isMulticolor2": false,
        "tags": [
          "person"
        ],
        "defaultCode": 59389,
        "grid": 24
      },
      "attrs": [],
      "properties": {
        "order": 42,
        "ligatures": "person",
        "id": 557,
        "prevSize": 24,
        "code": 59389,
        "name": "person"
      },
      "setIdx": 1,
      "setId": 6,
      "iconIdx": 557
    },
    {
      "icon": {
        "paths": [
          "M406 598c106 0 192-86 192-192s-86-192-192-192-192 86-192 192 86 192 192 192zM662 598l212 212-64 64-212-212v-34l-12-12c-48 42-112 66-180 66-154 0-278-122-278-276s124-278 278-278 276 124 276 278c0 68-24 132-66 180l12 12h34z"
        ],
        "attrs": [],
        "isMulticolor": false,
        "isMulticolor2": false,
        "tags": [
          "search"
        ],
        "defaultCode": 59574,
        "grid": 24
      },
      "attrs": [],
      "properties": {
        "order": 46,
        "ligatures": "search",
        "id": 655,
        "prevSize": 24,
        "code": 59574,
        "name": "search"
      },
      "setIdx": 1,
      "setId": 6,
      "iconIdx": 655
    },
    {
      "icon": {
        "paths": [
          "M768 686c68 0 124 56 124 124s-56 126-124 126-124-58-124-126c0-10 0-20 2-28l-302-176c-24 22-54 34-88 34-70 0-128-58-128-128s58-128 128-128c34 0 64 12 88 34l300-174c-2-10-4-20-4-30 0-70 58-128 128-128s128 58 128 128-58 128-128 128c-34 0-64-14-88-36l-300 176c2 10 4 20 4 30s-2 20-4 30l304 176c22-20 52-32 84-32z"
        ],
        "attrs": [],
        "isMulticolor": false,
        "isMulticolor2": false,
        "tags": [
          "share"
        ],
        "defaultCode": 59405,
        "grid": 24
      },
      "attrs": [],
      "properties": {
        "order": 51,
        "ligatures": "share",
        "id": 681,
        "prevSize": 24,
        "code": 59405,
        "name": "share"
      },
      "setIdx": 1,
      "setId": 6,
      "iconIdx": 681
    },
    {
      "icon": {
        "paths": [
          "M391.75 595.353c-20.797 0-36.5-7.603-47.1-22.806-10.7-15.097-16-35.297-16-60.497 0-55.5 20.997-83.303 63.1-83.303 8.4 0 17.5 2.803 27.3 8.403s18.097 15.4 24.8 29.4l63.1-32.8c-25.2-45.4-67-68.1-125.303-68.1-39.85 0-72.797 13.2-98.794 39.5-26.103 26.4-39.206 61.997-39.206 106.9 0 46 12.956 81.9 38.703 107.7 25.8 25.8 59.803 38.6 101.8 38.6 26.4 0 50.5-6.6 72.353-19.697 21.847-13.206 38.947-31.303 51.347-54.303l-58.1-29.4c-11.2 26.9-30.553 40.403-58 40.403zM663.447 595.353c-20.797 0-36.494-7.603-47.1-22.806-10.7-15.097-16-35.297-16-60.497 0-55.5 21.003-83.303 63.1-83.303 8.903 0 18.303 2.803 28.103 8.403 9.853 5.6 18.1 15.4 24.9 29.4l62.197-32.8c-24.7-45.4-66.197-68.1-124.497-68.1-39.8 0-72.75 13.2-98.8 39.5-26.097 26.4-39.103 61.997-39.103 106.9 0 46 12.703 81.9 38.253 107.7 25.5 25.8 59.55 38.6 102.2 38.6 25.747 0 49.647-6.6 71.45-19.697 21.903-13.206 39.3-31.303 52.203-54.303l-58.903-29.4c-11.2 26.9-30.6 40.403-58.003 40.403zM860.816 163.013c-95.159-95.038-211.659-142.525-349.463-142.525-136.134 0-251.391 47.487-345.709 142.525-96.778 98.306-145.163 214.613-145.163 348.978 0 134.353 48.384 249.85 145.163 346.506 96.778 96.687 212.034 145.016 345.709 145.016 135.344 0 252.656-48.747 351.922-146.216 93.478-92.578 140.244-207.684 140.244-345.306 0-137.634-47.575-253.972-142.703-348.978zM799.284 793.397c-81.206 80.281-176.769 120.419-286.7 120.419-109.916 0-204.622-39.75-284.181-119.219-79.556-79.434-119.337-173.662-119.337-282.606 0-108.956 40.169-203.994 120.566-285.081 77.1-78.656 171.416-117.988 282.953-117.988 111.581 0 206.306 39.331 284.244 117.988 78.747 77.819 118.103 172.825 118.103 285.081 0 113.053-38.547 206.859-115.647 281.406z"
        ],
        "attrs": [],
        "isMulticolor": false,
        "isMulticolor2": false,
        "tags": [
          "creative-commons"
        ],
        "grid": 20
      },
      "attrs": [],
      "properties": {
        "id": 12,
        "order": 47,
        "prevSize": 20,
        "code": 59672,
        "name": "creative-commons"
      },
      "setIdx": 2,
      "setId": 5,
      "iconIdx": 11
    },
    {
      "icon": {
        "paths": [
          "M231.219 386.458c22.323-22.835 53.402-24.627 80.691 0l200.090 191.846 200.090-191.846c27.29-24.627 58.419-22.835 80.589 0 22.323 22.784 20.89 61.286 0 82.688-20.787 21.402-240.384 230.502-240.384 230.502-11.11 11.418-25.702 17.152-40.294 17.152s-29.184-5.734-40.397-17.152c0 0-219.494-209.101-240.384-230.502-20.941-21.402-22.323-59.904 0-82.688z"
        ],
        "attrs": [],
        "isMulticolor": false,
        "isMulticolor2": false,
        "tags": [
          "chevron-down"
        ],
        "grid": 20
      },
      "attrs": [],
      "properties": {
        "id": 34,
        "order": 17,
        "prevSize": 20,
        "code": 59648,
        "name": "chevron-down"
      },
      "setIdx": 2,
      "setId": 5,
      "iconIdx": 33
    },
    {
      "icon": {
        "paths": [
          "M637.542 231.219c22.835 22.323 24.627 53.402 0 80.691l-191.846 200.090 191.846 200.090c24.627 27.29 22.835 58.419 0 80.589-22.784 22.323-61.286 20.89-82.688 0-21.402-20.787-230.502-240.384-230.502-240.384-11.418-11.11-17.152-25.702-17.152-40.294s5.734-29.184 17.152-40.397c0 0 209.101-219.494 230.502-240.384 21.402-20.941 59.904-22.323 82.688 0z"
        ],
        "attrs": [],
        "isMulticolor": false,
        "isMulticolor2": false,
        "tags": [
          "chevron-left"
        ],
        "grid": 20
      },
      "attrs": [],
      "properties": {
        "id": 35,
        "order": 16,
        "prevSize": 20,
        "code": 59649,
        "name": "chevron-left"
      },
      "setIdx": 2,
      "setId": 5,
      "iconIdx": 34
    },
    {
      "icon": {
        "paths": [
          "M469.146 231.219c21.402 20.89 230.502 240.384 230.502 240.384 11.418 11.213 17.152 25.805 17.152 40.397s-5.734 29.184-17.152 40.294c0 0-209.101 219.597-230.502 240.384-21.402 20.89-59.904 22.323-82.688 0-22.835-22.221-24.627-53.299 0-80.589l191.846-200.090-191.846-200.090c-24.627-27.29-22.835-58.419 0-80.691 22.784-22.323 61.286-20.941 82.688 0z"
        ],
        "attrs": [],
        "isMulticolor": false,
        "isMulticolor2": false,
        "tags": [
          "chevron-right"
        ],
        "grid": 20
      },
      "attrs": [],
      "properties": {
        "id": 36,
        "order": 15,
        "prevSize": 20,
        "code": 59650,
        "name": "chevron-right"
      },
      "setIdx": 2,
      "setId": 5,
      "iconIdx": 35
    },
    {
      "icon": {
        "paths": [
          "M891.802 312.781c13.926-13.722 36.301-13.722 50.125 0s13.875 35.891 0 49.613l-404.89 400.896c-13.824 13.722-36.198 13.722-50.125 0l-404.89-400.896c-13.824-13.722-13.824-35.891 0-49.613 13.875-13.722 36.301-13.722 50.125 0l379.853 365.619 379.802-365.619z"
        ],
        "attrs": [],
        "isMulticolor": false,
        "isMulticolor2": false,
        "tags": [
          "chevron-thin-down"
        ],
        "grid": 20
      },
      "attrs": [],
      "properties": {
        "id": 41,
        "order": 18,
        "prevSize": 20,
        "code": 59651,
        "name": "chevron-thin-down"
      },
      "setIdx": 2,
      "setId": 5,
      "iconIdx": 40
    },
    {
      "icon": {
        "paths": [
          "M711.219 891.802c13.722 13.926 13.722 36.301 0 50.125s-35.891 13.875-49.613 0l-400.896-404.89c-13.722-13.824-13.722-36.198 0-50.125l400.896-404.89c13.722-13.824 35.891-13.824 49.613 0 13.722 13.875 13.722 36.301 0 50.125l-365.619 379.853 365.619 379.802z"
        ],
        "attrs": [],
        "isMulticolor": false,
        "isMulticolor2": false,
        "tags": [
          "chevron-thin-left"
        ],
        "grid": 20
      },
      "attrs": [],
      "properties": {
        "id": 42,
        "order": 19,
        "prevSize": 20,
        "code": 59652,
        "name": "chevron-thin-left"
      },
      "setIdx": 2,
      "setId": 5,
      "iconIdx": 41
    },
    {
      "icon": {
        "paths": [
          "M678.4 512l-365.619-379.904c-13.722-13.824-13.722-36.198 0-50.125 13.722-13.824 35.891-13.824 49.613 0l400.896 404.89c13.722 13.875 13.722 36.301 0 50.125l-400.896 404.89c-13.722 13.875-35.891 13.824-49.613 0-13.722-13.773-13.722-36.198 0-50.125l365.619-379.75z"
        ],
        "attrs": [],
        "isMulticolor": false,
        "isMulticolor2": false,
        "tags": [
          "chevron-thin-right"
        ],
        "grid": 20
      },
      "attrs": [],
      "properties": {
        "id": 43,
        "order": 20,
        "prevSize": 20,
        "code": 59653,
        "name": "chevron-thin-right"
      },
      "setIdx": 2,
      "setId": 5,
      "iconIdx": 42
    },
    {
      "icon": {
        "paths": [
          "M132.198 711.219c-13.926 13.722-36.301 13.722-50.125 0s-13.875-35.891 0-49.613l404.89-400.896c13.824-13.722 36.198-13.722 50.125 0l404.89 400.896c13.824 13.722 13.824 35.891 0 49.613-13.875 13.722-36.301 13.722-50.074 0l-379.904-365.619-379.802 365.619z"
        ],
        "attrs": [],
        "isMulticolor": false,
        "isMulticolor2": false,
        "tags": [
          "chevron-thin-up"
        ],
        "grid": 20
      },
      "attrs": [],
      "properties": {
        "id": 44,
        "order": 21,
        "prevSize": 20,
        "code": 59654,
        "name": "chevron-thin-up"
      },
      "setIdx": 2,
      "setId": 5,
      "iconIdx": 43
    },
    {
      "icon": {
        "paths": [
          "M792.781 637.542c-22.323 22.835-53.402 24.627-80.691 0l-200.090-191.846-200.090 191.846c-27.29 24.627-58.419 22.835-80.589 0-22.323-22.784-20.89-61.286 0-82.688 20.787-21.402 240.384-230.502 240.384-230.502 11.11-11.418 25.702-17.152 40.294-17.152s29.184 5.734 40.397 17.152c0 0 219.494 209.101 240.384 230.502 20.941 21.402 22.323 59.904 0 82.688z"
        ],
        "attrs": [],
        "isMulticolor": false,
        "isMulticolor2": false,
        "tags": [
          "chevron-up"
        ],
        "grid": 20
      },
      "attrs": [],
      "properties": {
        "id": 45,
        "order": 22,
        "prevSize": 20,
        "code": 59655,
        "name": "chevron-up"
      },
      "setIdx": 2,
      "setId": 5,
      "iconIdx": 44
    },
    {
      "icon": {
        "paths": [
          "M80.589 270.643c24.986 13.414 371.098 199.373 384 206.285s29.594 10.189 46.387 10.189c16.794 0 33.485-3.277 46.387-10.189s359.014-192.87 384-206.285c25.037-13.466 48.691-65.843 2.765-65.843h-866.253c-45.926 0-22.272 52.378 2.714 65.843zM952.986 383.437c-28.416 14.797-378.214 197.069-395.622 206.182s-29.594 10.189-46.387 10.189-28.979-1.075-46.387-10.189-365.21-191.437-393.626-206.234c-19.968-10.445-19.763 1.792-19.763 11.213s0 373.402 0 373.402c0 21.504 28.979 51.2 51.2 51.2h819.2c22.221 0 51.2-29.696 51.2-51.2 0 0 0-363.93 0-373.35s0.205-21.658-19.814-11.213z"
        ],
        "attrs": [],
        "isMulticolor": false,
        "isMulticolor2": false,
        "tags": [
          "mail"
        ],
        "grid": 20
      },
      "attrs": [],
      "properties": {
        "id": 219,
        "order": 36,
        "prevSize": 20,
        "code": 59661,
        "name": "mail"
      },
      "setIdx": 2,
      "setId": 5,
      "iconIdx": 218
    },
    {
      "icon": {
        "paths": [
          "M122.88 122.88v121.19c362.803 0 656.896 294.195 656.896 656.998h121.293c0-429.773-348.416-778.189-778.189-778.189zM122.88 365.414v121.293c228.813 0 414.362 185.498 414.362 414.413h121.242c0-295.834-239.821-535.706-535.603-535.706zM239.053 668.621c-64.205 0-116.224 52.122-116.224 116.275s52.019 116.224 116.224 116.224 116.173-52.019 116.173-116.224-51.968-116.275-116.173-116.275z"
        ],
        "attrs": [],
        "isMulticolor": false,
        "isMulticolor2": false,
        "tags": [
          "rss"
        ],
        "grid": 20
      },
      "attrs": [],
      "properties": {
        "id": 266,
        "order": 25,
        "prevSize": 20,
        "code": 59658,
        "name": "feed"
      },
      "setIdx": 2,
      "setId": 5,
      "iconIdx": 265
    },
    {
      "icon": {
        "paths": [
          "M413.286 476.211c0 0 96.87-7.526 96.87-125.901 0-118.528-79.258-176.179-179.712-176.179h-330.445v661.811h330.445c0 0 201.779 6.605 201.779-195.379-0.051-0.051 8.755-164.352-118.938-164.352zM145.613 291.686h184.832c0 0 44.954 0 44.954 68.813 0 68.915-26.419 78.899-56.422 78.899h-173.363v-147.712zM321.075 718.285h-175.462v-176.896h184.832c0 0 66.97-0.922 66.97 90.88 0 77.414-50.022 85.453-76.339 86.016zM801.229 342.426c-244.275 0-244.070 254.31-244.070 254.31s-16.691 252.979 244.070 252.979c0 0 217.242 13.005 217.242-175.974h-111.718c0 0 3.686 71.219-101.786 71.219 0 0-111.821 7.782-111.821-115.2h328.858c0.051-0.051 36.301-287.334-220.774-287.334zM900.608 541.389h-208.589c0 0 13.619-101.99 111.718-101.99s96.87 101.99 96.87 101.99zM926.566 212.992h-261.99v81.613h261.99v-81.613z"
        ],
        "attrs": [],
        "isMulticolor": false,
        "isMulticolor2": false,
        "tags": [
          "behance"
        ],
        "grid": 20
      },
      "attrs": [],
      "properties": {
        "id": 322,
        "order": 43,
        "prevSize": 20,
        "code": 59660,
        "name": "behance"
      },
      "setIdx": 2,
      "setId": 5,
      "iconIdx": 321
    },
    {
      "icon": {
        "paths": [
          "M752.026 515.482c-14.029-4.301-23.706-7.27-16.333-26.010 15.923-40.806 17.613-75.981 0.358-101.12-32.41-47.104-121.037-44.595-222.618-1.28 0-0.102-31.898 14.182-23.757-11.622 15.667-51.046 13.261-93.85-11.059-118.528-55.091-56.218-201.574 2.099-327.27 129.997-94.157 95.795-148.787 197.274-148.787 285.082 0 167.987 211.558 280.32 418.56 280.32 271.309 0 451.84-170.701 451.84-298.086 0-77.056-63.693-120.73-120.934-138.752zM421.683 877.005c-165.12 16.384-307.763-58.726-318.464-167.68-10.701-109.005 114.483-210.688 279.654-227.226 165.171-16.384 307.763 58.675 318.464 167.68 10.701 109.107-114.483 210.842-279.654 227.226zM1021.44 378.726c-0.051-169.574-137.523-306.995-307.2-306.995-19.814 0-35.789 15.974-35.789 35.789s15.974 35.789 35.789 35.789c130.099 0 235.571 105.523 235.571 235.622 0 19.814 16.026 35.789 35.84 35.789s35.789-16.026 35.789-35.84v-0.154zM879.053 373.504c-16.333-79.974-79.411-143.002-159.386-159.386-19.354-3.994-38.298 8.499-42.291 27.904-3.942 19.302 8.499 38.298 27.904 42.291 52.019 10.598 92.979 51.61 103.629 103.578 3.994 19.405 22.938 31.795 42.291 27.904 19.302-3.994 31.846-22.989 27.853-42.291zM336.998 588.902c-66.56 13.414-111.462 69.222-100.301 124.621 11.162 55.501 74.086 89.6 140.646 76.186 66.509-13.414 111.411-69.222 100.301-124.621-11.162-55.398-74.189-89.6-140.646-76.186z"
        ],
        "attrs": [],
        "isMulticolor": false,
        "isMulticolor2": false,
        "tags": [
          "sina-weibo"
        ],
        "grid": 20
      },
      "attrs": [],
      "properties": {
        "id": 340,
        "order": 27,
        "prevSize": 20,
        "code": 59662,
        "name": "weibo"
      },
      "setIdx": 2,
      "setId": 5,
      "iconIdx": 339
    },
    {
      "icon": {
        "paths": [
          "M489.728 379.955c-69.53-123.597-143.923-224.41-149.35-231.834-112.179 53.043-195.891 156.416-222.054 280.934 10.547 0.205 178.278 2.202 371.405-49.101zM539.802 515.123c5.222-1.69 10.547-3.277 15.821-4.813-10.086-22.886-21.094-45.824-32.614-68.403-207.155 62.054-405.914 57.549-412.928 57.344-0.154 4.301-0.358 8.499-0.358 12.8 0 103.373 39.066 197.683 103.219 268.902l-0.256-0.307c0 0 110.080-195.277 327.117-265.523zM264.755 829.133v-0.205c-2.97-2.304-6.144-4.403-9.114-6.912 5.427 4.352 9.114 7.117 9.114 7.117zM415.642 121.446c-0.358 0.102-0.768 0.205-0.768 0.205 0.307-0.102 0.717-0.102 0.717-0.102l0.051-0.102zM777.677 210.125c-70.861-62.362-163.789-100.403-265.677-100.403-32.717 0-64.41 3.994-94.822 11.315 6.144 8.192 81.664 108.493 150.426 234.701 151.654-56.781 208.947-143.974 210.074-145.613zM512 983.040c-260.096 0-470.989-210.893-470.989-470.989-0.051-260.198 210.842-471.091 470.989-471.091 260.198 0 471.040 210.893 471.040 471.091 0 260.096-210.842 470.989-471.040 470.989zM580.403 577.843c-236.083 82.278-314.061 247.706-315.648 251.085 68.301 53.299 153.907 85.299 247.194 85.299 55.706 0 108.8-11.315 157.030-31.795-5.939-35.277-29.338-158.515-85.965-305.51-0.819 0.307-1.69 0.614-2.611 0.922zM598.528 415.744c9.421 19.098 18.33 38.605 26.778 58.317 3.021 6.912 5.837 13.926 8.704 20.787 138.906-17.51 275.712 12.186 280.218 13.107-0.973-95.386-35.123-182.886-91.494-251.494-0.922 1.178-65.485 94.362-224.205 159.283zM658.483 558.336c52.787 145.203 74.189 263.27 78.285 287.283 90.317-60.979 154.522-157.696 172.39-269.824-7.987-2.56-120.627-38.246-250.675-17.459z"
        ],
        "attrs": [],
        "isMulticolor": false,
        "isMulticolor2": false,
        "tags": [
          "dribbble"
        ],
        "grid": 20
      },
      "attrs": [],
      "properties": {
        "id": 358,
        "order": 44,
        "prevSize": 20,
        "code": 59670,
        "name": "dribbble"
      },
      "setIdx": 2,
      "setId": 5,
      "iconIdx": 357
    },
    {
      "icon": {
        "paths": [
          "M870.4 51.2h-716.8c-56.32 0-102.4 46.080-102.4 102.4v716.8c0 56.371 46.080 102.4 102.4 102.4h358.4v-358.4h-102.4v-126.72h102.4v-104.96c0-110.797 62.054-188.621 192.819-188.621l92.314 0.102v133.376h-61.286c-50.893 0-70.246 38.195-70.246 73.626v86.528h131.482l-29.082 126.669h-102.4v358.4h204.8c56.32 0 102.4-46.029 102.4-102.4v-716.8c0-56.32-46.080-102.4-102.4-102.4z"
        ],
        "attrs": [],
        "isMulticolor": false,
        "isMulticolor2": false,
        "tags": [
          "facebook"
        ],
        "grid": 20
      },
      "attrs": [],
      "properties": {
        "id": 360,
        "order": 33,
        "prevSize": 20,
        "code": 59663,
        "name": "facebook"
      },
      "setIdx": 2,
      "setId": 5,
      "iconIdx": 359
    },
    {
      "icon": {
        "paths": [
          "M674.816 579.021c-36.762 0-66.56 41.318-66.56 92.109 0 50.893 29.798 92.211 66.56 92.211s66.56-41.318 66.56-92.211c-0.051-50.79-29.798-92.109-66.56-92.109zM906.547 339.251c7.629-18.688 7.936-124.877-32.512-226.611 0 0-92.723 10.189-233.011 106.496-29.44-8.192-79.258-12.186-128.973-12.186-49.818 0-99.584 3.994-129.024 12.186-140.339-96.307-233.062-106.496-233.062-106.496-40.397 101.734-39.987 207.923-32.461 226.611-47.514 51.61-76.544 113.613-76.544 198.195 0 367.923 305.306 373.811 382.31 373.811 17.51 0 52.122 0.102 88.781 0.102 36.608 0 71.27-0.102 88.678-0.102 77.107 0 382.31-5.888 382.31-373.811 0-84.582-28.979-146.586-76.493-198.195zM513.434 866.048h-2.867c-193.075 0-343.501-22.989-343.501-210.688 0-45.005 15.872-86.682 53.606-121.293 62.822-57.702 169.216-27.187 289.894-27.187 0.512 0 1.024 0 1.485 0 0.512 0 0.922 0 1.382 0 120.678 0 227.123-30.515 289.997 27.187 37.632 34.611 53.504 76.288 53.504 121.293 0 187.699-150.374 210.688-343.501 210.688zM349.235 579.021c-36.762 0-66.56 41.318-66.56 92.109 0 50.893 29.798 92.211 66.56 92.211 36.813 0 66.611-41.318 66.611-92.211 0-50.79-29.798-92.109-66.611-92.109z"
        ],
        "attrs": [],
        "isMulticolor": false,
        "isMulticolor2": false,
        "tags": [
          "github"
        ],
        "grid": 20
      },
      "attrs": [],
      "properties": {
        "id": 364,
        "order": 32,
        "prevSize": 20,
        "code": 59664,
        "name": "github"
      },
      "setIdx": 2,
      "setId": 5,
      "iconIdx": 363
    },
    {
      "icon": {
        "paths": [
          "M101.837 286.157c0 76.493 25.549 131.686 75.878 164.096 41.267 26.624 89.088 30.618 113.971 30.618 6.042 0 10.906-0.307 14.285-0.512 0 0-7.885 51.405 30.208 102.195h-1.741c-65.997 0-281.242 13.773-281.242 190.822 0 180.019 197.683 189.184 237.363 189.184 3.123 0 4.966-0.102 4.966-0.102 0.41 0 3.226 0.102 8.090 0.102 25.446 0 91.238-3.174 152.32-32.922 79.258-38.4 119.45-105.421 119.45-198.912 0-90.317-61.235-144.077-105.933-183.398-27.29-24.013-50.893-44.698-50.893-64.819 0-20.48 17.254-35.891 39.014-55.398 35.277-31.488 68.557-76.39 68.557-161.28 0-74.598-9.677-124.723-69.325-156.518 6.195-3.174 28.211-5.478 39.066-7.014 32.307-4.403 79.565-9.421 79.565-35.789v-5.069h-235.469c-2.355 0.102-238.131 8.806-238.131 224.717zM481.946 747.622c4.506 71.987-57.088 125.082-149.606 131.789-93.952 6.912-171.264-35.379-175.77-107.315-2.202-34.611 13.005-68.403 42.752-95.386 30.157-27.29 71.578-44.186 116.634-47.514 5.325-0.307 10.598-0.614 15.872-0.614 86.989 0.051 145.869 51.149 150.118 119.040zM420.454 236.851c23.091 81.306-11.776 166.195-67.379 181.914-6.4 1.792-12.954 2.662-19.661 2.662-50.893 0-101.325-51.507-120.064-122.522-10.445-39.731-9.574-74.65 2.406-108.134 11.725-33.024 32.922-55.194 59.546-62.72 6.4-1.792 13.005-2.714 19.712-2.714 61.44 0 100.966 25.498 125.44 111.514zM819.2 409.6v-153.6h-102.4v153.6h-153.6v102.4h153.6v153.6h102.4v-153.6h153.6v-102.4h-153.6z"
        ],
        "attrs": [],
        "isMulticolor": false,
        "isMulticolor2": false,
        "tags": [
          "google+"
        ],
        "grid": 20
      },
      "attrs": [],
      "properties": {
        "id": 366,
        "order": 28,
        "prevSize": 20,
        "code": 59665,
        "name": "google"
      },
      "setIdx": 2,
      "setId": 5,
      "iconIdx": 365
    },
    {
      "icon": {
        "paths": [
          "M870.4 51.2h-716.8c-56.32 0-102.4 46.080-102.4 102.4v716.8c0 56.371 46.080 102.4 102.4 102.4h716.8c56.32 0 102.4-46.029 102.4-102.4v-716.8c0-56.32-46.080-102.4-102.4-102.4zM511.181 794.778c156.621 0 283.546-127.027 283.546-283.597 0-17.306-2.202-33.997-5.274-50.381h80.947v369.459c0 19.558-15.872 35.328-35.482 35.328h-645.837c-19.61-0-35.482-15.77-35.482-35.328v-369.459h79.309c-3.123 16.384-5.325 33.075-5.325 50.381 0 156.621 127.027 283.597 283.597 283.597zM333.978 511.181c0-97.894 79.36-177.203 177.254-177.203 97.843 0 177.254 79.309 177.254 177.203s-79.411 177.254-177.254 177.254c-97.946 0-177.254-79.36-177.254-177.254zM834.918 307.2h-82.688c-19.558 0-35.43-15.974-35.43-35.43v-82.79c0-19.558 15.872-35.379 35.379-35.379h82.688c19.661 0 35.533 15.821 35.533 35.379v82.739c0 19.507-15.872 35.482-35.482 35.482z"
        ],
        "attrs": [],
        "isMulticolor": false,
        "isMulticolor2": false,
        "tags": [
          "instagram"
        ],
        "grid": 20
      },
      "attrs": [],
      "properties": {
        "id": 368,
        "order": 29,
        "prevSize": 20,
        "code": 59666,
        "name": "instagram"
      },
      "setIdx": 2,
      "setId": 5,
      "iconIdx": 367
    },
    {
      "icon": {
        "paths": [
          "M256 153.6c0 54.374-36.352 101.171-102.451 101.171-62.208 0-102.349-44.134-102.349-98.509 0-55.808 38.912-105.062 102.4-105.062s101.171 46.592 102.4 102.4zM51.2 972.8v-665.6h204.8v665.6h-204.8z",
          "M358.4 534.733c0-79.104-2.611-145.203-5.222-202.291h184.013l9.114 88.218h3.891c25.907-41.523 89.395-102.4 195.686-102.4 129.638 0 226.918 86.784 226.918 273.51v381.030h-204.8v-351.283c0-81.613-31.078-143.872-102.4-143.872-54.374 0-81.613 44.032-95.898 80.333-5.222 13.005-6.502 31.13-6.502 49.306v365.517h-204.8v-438.067z"
        ],
        "attrs": [
          {},
          {}
        ],
        "isMulticolor": false,
        "isMulticolor2": false,
        "tags": [
          "linkedin"
        ],
        "grid": 20
      },
      "attrs": [
        {},
        {}
      ],
      "properties": {
        "id": 372,
        "order": 45,
        "prevSize": 20,
        "code": 59671,
        "name": "linkedin"
      },
      "setIdx": 2,
      "setId": 5,
      "iconIdx": 371
    },
    {
      "icon": {
        "paths": [
          "M441.19 677.222c-26.931 141.005-59.75 276.173-157.082 346.778-30.003-213.094 44.083-373.094 78.541-542.976-58.726-98.816 7.066-297.574 130.816-248.576 152.32 60.211-131.891 367.206 58.88 405.606 199.219 39.987 280.525-345.6 156.979-470.989-178.432-181.146-519.475-4.25-477.491 255.078 10.189 63.386 75.674 82.586 26.163 170.086-114.227-25.293-148.326-115.405-143.923-235.52 7.066-196.608 176.589-334.182 346.675-353.28 215.091-24.115 416.973 79.002 444.877 281.293 31.386 228.403-97.075 475.802-327.117 457.984-62.362-4.864-88.474-35.789-137.318-65.485z"
        ],
        "attrs": [],
        "isMulticolor": false,
        "isMulticolor2": false,
        "tags": [
          "pinterest"
        ],
        "grid": 20
      },
      "attrs": [],
      "properties": {
        "id": 374,
        "order": 31,
        "prevSize": 20,
        "code": 59667,
        "name": "pinterest"
      },
      "setIdx": 2,
      "setId": 5,
      "iconIdx": 373
    },
    {
      "icon": {
        "paths": [
          "M798.72 931.635c-39.782 18.995-75.776 32.307-107.981 39.987-32.256 7.578-67.123 11.418-104.602 11.418-42.547 0-80.179-5.478-112.896-16.282-32.717-10.906-60.57-26.419-83.712-46.49-23.091-20.224-39.117-41.574-48.026-64.205-8.909-22.682-13.363-55.603-13.363-98.611v-330.496h-102.861v-133.325c36.557-11.981 67.891-29.184 93.952-51.712 26.112-22.426 47.002-49.408 62.822-80.896 15.77-31.386 26.573-71.475 32.563-120.064h132.352v238.182h220.877v147.814h-220.877v241.613c0 54.579 2.867 89.702 8.602 105.216 5.683 15.514 16.333 27.904 31.846 37.12 20.634 12.493 44.186 18.79 70.707 18.79 47.104 0 94.003-15.514 140.595-46.49v148.429z"
        ],
        "attrs": [],
        "isMulticolor": false,
        "isMulticolor2": false,
        "tags": [
          "tumblr"
        ],
        "grid": 20
      },
      "attrs": [],
      "properties": {
        "id": 379,
        "order": 34,
        "prevSize": 20,
        "code": 59668,
        "name": "tumblr"
      },
      "setIdx": 2,
      "setId": 5,
      "iconIdx": 378
    },
    {
      "icon": {
        "paths": [
          "M886.579 319.795c0.41 8.294 0.563 16.691 0.563 24.986 0 255.488-194.406 549.99-549.888 549.99-109.21 0-210.739-32-296.294-86.886 15.155 1.792 30.515 2.714 46.080 2.714 90.624 0 173.926-30.925 240.026-82.688-84.531-1.587-155.955-57.395-180.531-134.195 11.776 2.202 23.91 3.379 36.352 3.379 17.664 0 34.765-2.304 50.944-6.707-88.422-17.818-155.034-95.898-155.034-189.594 0-0.819 0-1.587 0-2.406 26.061 14.49 55.91 23.194 87.552 24.218-51.866-34.714-86.016-93.798-86.016-160.922 0-35.379 9.523-68.608 26.214-97.178 95.283 116.992 237.773 193.894 398.387 201.984-3.277-14.182-4.966-28.877-4.966-44.083 0-106.701 86.477-193.178 193.229-193.178 55.603 0 105.83 23.398 141.107 60.979 43.981-8.704 85.35-24.781 122.726-46.899-14.438 45.107-45.107 82.995-84.992 106.906 39.117-4.71 76.288-15.002 111.002-30.413-25.907 38.81-58.675 72.806-96.461 99.994z"
        ],
        "attrs": [],
        "isMulticolor": false,
        "isMulticolor2": false,
        "tags": [
          "twitter"
        ],
        "grid": 20
      },
      "attrs": [],
      "properties": {
        "id": 381,
        "order": 30,
        "prevSize": 20,
        "code": 59669,
        "name": "twitter"
      },
      "setIdx": 2,
      "setId": 5,
      "iconIdx": 380
    }
  ],
  "height": 1024,
  "metadata": {
    "name": "icomoon"
  },
  "preferences": {
    "showGlyphs": true,
    "showQuickUse": true,
    "showQuickUse2": true,
    "showSVGs": true,
    "fontPref": {
      "prefix": "icon-",
      "metadata": {
        "fontFamily": "icomoon"
      },
      "metrics": {
        "emSize": 1024,
        "baseline": 6.25,
        "whitespace": 50
      },
      "embed": false
    },
    "imagePref": {
      "prefix": "icon-",
      "png": true,
      "useClassSelector": true,
      "color": 0,
      "bgColor": 16777215,
      "classSelector": ".icon"
    },
    "historySize": 100,
    "showCodes": true,
    "gridSize": 16
  }
}